0,3
0.0010417,2.7716
0.0020833,2.1213
0.003125,1.1481
0.0041667,8.4983e-016
0.0052083,-1.1481
0.00625,-2.1213
0.0072917,-2.7716
0.0083333,-3
0.009375,-2.7716
0.010417,-2.1213
0.011458,-1.1481
0.0125,-5.5109e-016
0.013542,1.1481
0.014583,2.1213
0.015625,2.7716
0.016667,3
0.017708,2.7716
0.01875,2.1213
0.019792,1.1481
0.020833,3.583e-015
0.021875,-1.1481
0.022917,-2.1213
0.023958,-2.7716
0.025,-3
0.026042,-2.7716
0.027083,-2.1213
0.028125,-1.1481
0.029167,-1.2859e-015
0.030208,1.1481
0.03125,2.1213
0.032292,2.7716
0.033333,3
0.034375,2.7716
0.035417,2.1213
0.036458,1.1481
0.0375,6.9823e-015
0.038542,-1.1481
0.039583,-2.1213
0.040625,-2.7716
0.041667,-3
0.042708,-2.7716
0.04375,-2.1213
0.044792,-1.1481
0.045833,-7.3497e-015
0.046875,1.1481
0.047917,2.1213
0.048958,2.7716
0.05,3
0.051042,2.7716
0.052083,2.1213
0.053125,1.1481
0.054167,7.7171e-015
0.055208,-1.1481
0.05625,-2.1213
0.057292,-2.7716
0.058333,-3
0.059375,-2.7716
0.060417,-2.1213
0.061458,-1.1481
0.0625,-8.0845e-015
0.063542,1.1481
0.064583,2.1213
0.065625,2.7716
0.066667,3
0.067708,2.7716
0.06875,2.1213
0.069792,1.1481
0.070833,8.4519e-015
0.071875,-1.1481
0.072917,-2.1213
0.073958,-2.7716
0.075,-3
0.076042,-2.7716
0.077083,-2.1213
0.078125,-1.1481
0.079167,-1.9477e-014
0.080208,1.1481
0.08125,2.1213
0.082292,2.7716
0.083333,3
0.084375,2.7716
0.085417,2.1213
0.086458,1.1481
0.0875,1.9845e-014
0.088542,-1.1481
0.089583,-2.1213
0.090625,-2.7716
0.091667,-3
0.092708,-2.7716
0.09375,-2.1213
0.094792,-1.1481
0.095833,-3.087e-014
0.096875,1.1481
0.097917,2.1213
0.098958,2.7716
0.1,3
0.10104,2.7716
0.10208,2.1213
0.10312,1.1481
0.10417,2.058e-014
0.10521,-1.1481
0.10625,-2.1213
0.10729,-2.7716
0.10833,-3
0.10938,-2.7716
0.11042,-2.1213
0.11146,-1.1481
0.1125,-3.1605e-014
0.11354,1.1481
0.11458,2.1213
0.11562,2.7716
0.11667,3
0.11771,2.7716
0.11875,2.1213
0.11979,1.1481
0.12083,2.1314e-014
0.12187,-1.1481
0.12292,-2.1213
0.12396,-2.7716
0.125,-3
0.12604,-2.7716
0.12708,-2.1213
0.12812,-1.1481
0.12917,-3.234e-014
0.13021,1.1481
0.13125,2.1213
0.13229,2.7716
0.13333,3
0.13437,2.7716
0.13542,2.1213
0.13646,1.1481
0.1375,4.3365e-014
0.13854,-1.1481
0.13958,-2.1213
0.14063,-2.7716
0.14167,-3
0.14271,-2.7716
0.14375,-2.1213
0.14479,-1.1481
0.14583,-3.3075e-014
0.14687,1.1481
0.14792,2.1213
0.14896,2.7716
0.15,3
0.15104,2.7716
0.15208,2.1213
0.15312,1.1481
0.15417,4.41e-014
0.15521,-1.1481
0.15625,-2.1213
0.15729,-2.7716
0.15833,-3
0.15937,-2.7716
0.16042,-2.1213
0.16146,-1.1481
0.1625,-5.5126e-014
0.16354,1.1481
0.16458,2.1213
0.16562,2.7716
0.16667,3
0.16771,13.858
0.16875,10.607
0.16979,5.7403
0.17083,3.3076e-013
0.17188,-5.7403
0.17292,-10.607
0.17396,-13.858
0.175,-15
0.17604,-13.858
0.17708,-10.607
0.17812,-5.7403
0.17917,-2.793e-013
0.18021,5.7403
0.18125,10.607
0.18229,13.858
0.18333,15
0.18437,13.858
0.18542,10.607
0.18646,5.7403
0.1875,2.2785e-013
0.18854,-5.7403
0.18958,-10.607
0.19062,-13.858
0.19167,-15
0.19271,-13.858
0.19375,-10.607
0.19479,-5.7403
0.19583,-1.764e-013
0.19687,5.7403
0.19792,10.607
0.19896,13.858
0.2,15
0.20104,13.858
0.20208,10.607
0.20313,5.7403
0.20417,1.2494e-013
0.20521,-5.7403
0.20625,-10.607
0.20729,-13.858
0.20833,-15
0.20937,-13.858
0.21042,-10.607
0.21146,-5.7403
0.2125,-7.3488e-014
0.21354,5.7403
0.21458,10.607
0.21562,13.858
0.21667,15
0.21771,13.858
0.21875,10.607
0.21979,5.7403
0.22083,2.352e-013
0.22187,-5.7403
0.22292,-10.607
0.22396,-13.858
0.225,-15
0.22604,-13.858
0.22708,-10.607
0.22812,-5.7403
0.22917,-1.8374e-013
0.23021,5.7403
0.23125,10.607
0.23229,13.858
0.23333,15
0.23438,13.858
0.23542,10.607
0.23646,5.7403
0.2375,1.3229e-013
0.23854,-5.7403
0.23958,-10.607
0.24062,-13.858
0.24167,-15
0.24271,-13.858
0.24375,-10.607
0.24479,-5.7403
0.24583,-2.94e-013
0.24687,5.7403
0.24792,10.607
0.24896,13.858
0.25,15
0.25104,13.858
0.25208,10.607
0.25312,5.7403
0.25417,2.4255e-013
0.25521,-5.7403
0.25625,-10.607
0.25729,-13.858
0.25833,-15
0.25937,-13.858
0.26042,-10.607
0.26146,-5.7403
0.2625,-4.0425e-013
0.26354,5.7403
0.26458,10.607
0.26563,13.858
0.26667,15
0.26771,13.858
0.26875,10.607
0.26979,5.7403
0.27083,3.528e-013
0.27187,-5.7403
0.27292,-10.607
0.27396,-13.858
0.275,-15
0.27604,-13.858
0.27708,-10.607
0.27812,-5.7403
0.27917,-8.8184e-014
0.28021,5.7403
0.28125,10.607
0.28229,13.858
0.28333,15
0.28437,13.858
0.28542,10.607
0.28646,5.7403
0.2875,2.4989e-013
0.28854,-5.7403
0.28958,-10.607
0.29062,-13.858
0.29167,-15
0.29271,-13.858
0.29375,-10.607
0.29479,-5.7403
0.29583,-1.9844e-013
0.29688,5.7403
0.29792,10.607
0.29896,13.858
0.3,15
0.30104,13.858
0.30208,10.607
0.30312,5.7403
0.30417,3.6015e-013
0.30521,-5.7403
0.30625,-10.607
0.30729,-13.858
0.30833,-15
0.30937,-13.858
0.31042,-10.607
0.31146,-5.7403
0.3125,-9.5532e-014
0.31354,5.7403
0.31458,10.607
0.31562,13.858
0.31667,15
0.31771,13.858
0.31875,10.607
0.31979,5.7403
0.32083,4.704e-013
0.32187,-5.7403
0.32292,-10.607
0.32396,-13.858
0.325,-15
0.32604,-13.858
0.32708,-10.607
0.32813,-5.7403
0.32917,-2.0579e-013
0.33021,5.7403
0.33125,10.607
0.33229,13.858
0.33333,15
0.33437,0
0.33542,0
0.33646,0
0.3375,0
0.33854,0
0.33958,0
0.34062,0
0.34167,0
0.34271,0
0.34375,0
0.34479,0
0.34583,0
0.34687,0
0.34792,0
0.34896,0
0.35,0
0.35104,0
0.35208,0
0.35312,0
0.35417,0
0.35521,0
0.35625,0
0.35729,0
0.35833,0
0.35938,0
0.36042,0
0.36146,0
0.3625,0
0.36354,0
0.36458,0
0.36562,0
0.36667,0
0.36771,0
0.36875,0
0.36979,0
0.37083,0
0.37187,0
0.37292,0
0.37396,0
0.375,0
0.37604,0
0.37708,0
0.37812,0
0.37917,0
0.38021,0
0.38125,0
0.38229,0
0.38333,0
0.38437,0
0.38542,0
0.38646,0
0.3875,0
0.38854,0
0.38958,0
0.39063,0
0.39167,0
0.39271,0
0.39375,0
0.39479,0
0.39583,0
0.39687,0
0.39792,0
0.39896,0
0.4,0
0.40104,0
0.40208,0
0.40312,0
0.40417,0
0.40521,0
0.40625,0
0.40729,0
0.40833,0
0.40937,0
0.41042,0
0.41146,0
0.4125,0
0.41354,0
0.41458,0
0.41562,0
0.41667,0
0.41771,0
0.41875,0
0.41979,0
0.42083,0
0.42188,0
0.42292,0
0.42396,0
0.425,0
0.42604,0
0.42708,0
0.42812,0
0.42917,0
0.43021,0
0.43125,0
0.43229,0
0.43333,0
0.43437,0
0.43542,0
0.43646,0
0.4375,0
0.43854,0
0.43958,0
0.44062,0
0.44167,0
0.44271,0
0.44375,0
0.44479,0
0.44583,0
0.44687,0
0.44792,0
0.44896,0
0.45,0
0.45104,0
0.45208,0
0.45313,0
0.45417,0
0.45521,0
0.45625,0
0.45729,0
0.45833,0
0.45937,0
0.46042,0
0.46146,0
0.4625,0
0.46354,0
0.46458,0
0.46562,0
0.46667,0
0.46771,0
0.46875,0
0.46979,0
0.47083,0
0.47187,0
0.47292,0
0.47396,0
0.475,0
0.47604,0
0.47708,0
0.47812,0
0.47917,0
0.48021,0
0.48125,0
0.48229,0
0.48333,0
0.48438,0
0.48542,0
0.48646,0
0.4875,0
0.48854,0
0.48958,0
0.49062,0
0.49167,0
0.49271,0
0.49375,0
0.49479,0
0.49583,0
0.49687,0
0.49792,0
0.49896,0
0.5,0
0.50104,0
0.50208,0
0.50313,0
0.50417,0
0.50521,0
0.50625,0
0.50729,0
0.50833,0
0.50937,0
0.51042,0
0.51146,0
0.5125,0
0.51354,0
0.51458,0
0.51563,0
0.51667,0
0.51771,0
0.51875,0
0.51979,0
0.52083,0
0.52187,0
0.52292,0
0.52396,0
0.525,0
0.52604,0
0.52708,0
0.52812,0
0.52917,0
0.53021,0
0.53125,0
0.53229,0
0.53333,0
0.53438,0
0.53542,0
0.53646,0
0.5375,0
0.53854,0
0.53958,0
0.54062,0
0.54167,0
0.54271,0
0.54375,0
0.54479,0
0.54583,0
0.54688,0
0.54792,0
0.54896,0
0.55,0
0.55104,0
0.55208,0
0.55312,0
0.55417,0
0.55521,0
0.55625,0
0.55729,0
0.55833,0
0.55937,0
0.56042,0
0.56146,0
0.5625,0
0.56354,0
0.56458,0
0.56562,0
0.56667,0
0.56771,0
0.56875,0
0.56979,0
0.57083,0
0.57187,0
0.57292,0
0.57396,0
0.575,0
0.57604,0
0.57708,0
0.57813,0
0.57917,0
0.58021,0
0.58125,0
0.58229,0
0.58333,0
0.58437,0
0.58542,0
0.58646,0
0.5875,0
0.58854,0
0.58958,0
0.59062,0
0.59167,0
0.59271,0
0.59375,0
0.59479,0
0.59583,0
0.59688,0
0.59792,0
0.59896,0
0.6,0
0.60104,0
0.60208,0
0.60312,0
0.60417,0
0.60521,0
0.60625,0
0.60729,0
0.60833,0
0.60938,0
0.61042,0
0.61146,0
0.6125,0
0.61354,0
0.61458,0
0.61562,0
0.61667,0
0.61771,0
0.61875,0
0.61979,0
0.62083,0
0.62187,0
0.62292,0
0.62396,0
0.625,0
0.62604,0
0.62708,0
0.62813,0
0.62917,0
0.63021,0
0.63125,0
0.63229,0
0.63333,0
0.63437,0
0.63542,0
0.63646,0
0.6375,0
0.63854,0
0.63958,0
0.64063,0
0.64167,0
0.64271,0
0.64375,0
0.64479,0
0.64583,0
0.64687,0
0.64792,0
0.64896,0
0.65,0
0.65104,0
0.65208,0
0.65312,0
0.65417,0
0.65521,0
0.65625,0
0.65729,0
0.65833,0
0.65938,0
0.66042,0
0.66146,0
0.6625,0
0.66354,0
0.66458,0
0.66562,0
0.66667,0
0.66771,0
0.66875,0
0.66979,0
0.67083,0
0.67188,0
0.67292,0
0.67396,0
0.675,0
0.67604,0
0.67708,0
0.67812,0
0.67917,0
0.68021,0
0.68125,0
0.68229,0
0.68333,0
0.68437,0
0.68542,0
0.68646,0
0.6875,0
0.68854,0
0.68958,0
0.69063,0
0.69167,0
0.69271,0
0.69375,0
0.69479,0
0.69583,0
0.69687,0
0.69792,0
0.69896,0
0.7,0
0.70104,0
0.70208,0
0.70313,0
0.70417,0
0.70521,0
0.70625,0
0.70729,0
0.70833,0
0.70937,0
0.71042,0
0.71146,0
0.7125,0
0.71354,0
0.71458,0
0.71562,0
0.71667,0
0.71771,0
0.71875,0
0.71979,0
0.72083,0
0.72188,0
0.72292,0
0.72396,0
0.725,0
0.72604,0
0.72708,0
0.72812,0
0.72917,0
0.73021,0
0.73125,0
0.73229,0
0.73333,0
0.73438,0
0.73542,0
0.73646,0
0.7375,0
0.73854,0
0.73958,0
0.74062,0
0.74167,0
0.74271,0
0.74375,0
0.74479,0
0.74583,0
0.74687,0
0.74792,0
0.74896,0
0.75,0
0.75104,0
0.75208,0
0.75313,0
0.75417,0
0.75521,0
0.75625,0
0.75729,0
0.75833,0
0.75938,0
0.76042,0
0.76146,0
0.7625,0
0.76354,0
0.76458,0
0.76563,0
0.76667,0
0.76771,0
0.76875,0
0.76979,0
0.77083,0
0.77188,0
0.77292,0
0.77396,0
0.775,0
0.77604,0
0.77708,0
0.77813,0
0.77917,0
0.78021,0
0.78125,0
0.78229,0
0.78333,0
0.78438,0
0.78542,0
0.78646,0
0.7875,0
0.78854,0
0.78958,0
0.79063,0
0.79167,0
0.79271,0
0.79375,0
0.79479,0
0.79583,0
0.79688,0
0.79792,0
0.79896,0
0.8,0
0.80104,0
0.80208,0
0.80313,0
0.80417,0
0.80521,0
0.80625,0
0.80729,0
0.80833,0
0.80938,0
0.81042,0
0.81146,0
0.8125,0
0.81354,0
0.81458,0
0.81563,0
0.81667,0
0.81771,0
0.81875,0
0.81979,0
0.82083,0
0.82188,0
0.82292,0
0.82396,0
0.825,0
0.82604,0
0.82708,0
0.82813,0
0.82917,0
0.83021,0
0.83125,0
0.83229,0
0.83333,0
0.83438,0
0.83542,0
0.83646,0
0.8375,0
0.83854,0
0.83958,0
0.84063,0
0.84167,0
0.84271,0
0.84375,0
0.84479,0
0.84583,0
0.84688,0
0.84792,0
0.84896,0
0.85,0
0.85104,0
0.85208,0
0.85313,0
0.85417,0
0.85521,0
0.85625,0
0.85729,0
0.85833,0
0.85938,0
0.86042,0
0.86146,0
0.8625,0
0.86354,0
0.86458,0
0.86563,0
0.86667,0
0.86771,0
0.86875,0
0.86979,0
0.87083,0
0.87188,0
0.87292,0
0.87396,0
0.875,0
0.87604,0
0.87708,0
0.87813,0
0.87917,0
0.88021,0
0.88125,0
0.88229,0
0.88333,0
0.88438,0
0.88542,0
0.88646,0
0.8875,0
0.88854,0
0.88958,0
0.89063,0
0.89167,0
0.89271,0
0.89375,0
0.89479,0
0.89583,0
0.89688,0
0.89792,0
0.89896,0
0.9,0
0.90104,0
0.90208,0
0.90313,0
0.90417,0
0.90521,0
0.90625,0
0.90729,0
0.90833,0
0.90938,0
0.91042,0
0.91146,0
0.9125,0
0.91354,0
0.91458,0
0.91563,0
0.91667,0
0.91771,0
0.91875,0
0.91979,0
0.92083,0
0.92188,0
0.92292,0
0.92396,0
0.925,0
0.92604,0
0.92708,0
0.92813,0
0.92917,0
0.93021,0
0.93125,0
0.93229,0
0.93333,0
0.93438,0
0.93542,0
0.93646,0
0.9375,0
0.93854,0
0.93958,0
0.94063,0
0.94167,0
0.94271,0
0.94375,0
0.94479,0
0.94583,0
0.94688,0
0.94792,0
0.94896,0
0.95,0
0.95104,0
0.95208,0
0.95313,0
0.95417,0
0.95521,0
0.95625,0
0.95729,0
0.95833,0
0.95938,0
0.96042,0
0.96146,0
0.9625,0
0.96354,0
0.96458,0
0.96563,0
0.96667,0
0.96771,0
0.96875,0
0.96979,0
0.97083,0
0.97188,0
0.97292,0
0.97396,0
0.975,0
0.97604,0
0.97708,0
0.97813,0
0.97917,0
0.98021,0
0.98125,0
0.98229,0
0.98333,0
0.98438,0
0.98542,0
0.98646,0
0.9875,0
0.98854,0
0.98958,0
0.99063,0
0.99167,0
0.99271,0
0.99375,0
0.99479,0
0.99583,0
0.99688,0
0.99792,0
0.99896,0
1,0
1.001,0
1.0021,0
1.0031,0
1.0042,0
1.0052,0
1.0063,0
1.0073,0
1.0083,0
1.0094,0
1.0104,0
1.0115,0
1.0125,0
1.0135,0
1.0146,0
1.0156,0
1.0167,0
1.0177,0
1.0188,0
1.0198,0
1.0208,0
1.0219,0
1.0229,0
1.024,0
1.025,0
1.026,0
1.0271,0
1.0281,0
1.0292,0
1.0302,0
1.0313,0
1.0323,0
1.0333,0
1.0344,0
1.0354,0
1.0365,0
1.0375,0
1.0385,0
1.0396,0
1.0406,0
1.0417,0
1.0427,0
1.0438,0
1.0448,0
1.0458,0
1.0469,0
1.0479,0
1.049,0
1.05,0
1.051,0
1.0521,0
1.0531,0
1.0542,0
1.0552,0
1.0563,0
1.0573,0
1.0583,0
1.0594,0
1.0604,0
1.0615,0
1.0625,0
1.0635,0
1.0646,0
1.0656,0
1.0667,0
1.0677,0
1.0688,0
1.0698,0
1.0708,0
1.0719,0
1.0729,0
1.074,0
1.075,0
1.076,0
1.0771,0
1.0781,0
1.0792,0
1.0802,0
1.0813,0
1.0823,0
1.0833,0
1.0844,0
1.0854,0
1.0865,0
1.0875,0
1.0885,0
1.0896,0
1.0906,0
1.0917,0
1.0927,0
1.0938,0
1.0948,0
1.0958,0
1.0969,0
1.0979,0
1.099,0
1.1,0
1.101,0
1.1021,0
1.1031,0
1.1042,0
1.1052,0
1.1063,0
1.1073,0
1.1083,0
1.1094,0
1.1104,0
1.1115,0
1.1125,0
1.1135,0
1.1146,0
1.1156,0
1.1167,0
1.1177,0
1.1188,0
1.1198,0
1.1208,0
1.1219,0
1.1229,0
1.124,0
1.125,0
1.126,0
1.1271,0
1.1281,0
1.1292,0
1.1302,0
1.1313,0
1.1323,0
1.1333,0
1.1344,0
1.1354,0
1.1365,0
1.1375,0
1.1385,0
1.1396,0
1.1406,0
1.1417,0
1.1427,0
1.1438,0
1.1448,0
1.1458,0
1.1469,0
1.1479,0
1.149,0
1.15,0
1.151,0
1.1521,0
1.1531,0
1.1542,0
1.1552,0
1.1563,0
1.1573,0
1.1583,0
1.1594,0
1.1604,0
1.1615,0
1.1625,0
1.1635,0
1.1646,0
1.1656,0
1.1667,0
1.1677,13.858
1.1688,10.607
1.1698,5.7403
1.1708,5.5119e-013
1.1719,-5.7403
1.1729,-10.607
1.174,-13.858
1.175,-15
1.176,-13.858
1.1771,-10.607
1.1781,-5.7403
1.1792,-7.129e-013
1.1802,5.7403
1.1812,10.607
1.1823,13.858
1.1833,15
1.1844,13.858
1.1854,10.607
1.1865,5.7403
1.1875,8.7461e-013
1.1885,-5.7403
1.1896,-10.607
1.1906,-13.858
1.1917,-15
1.1927,-13.858
1.1938,-10.607
1.1948,-5.7403
1.1958,-1.0363e-012
1.1969,5.7403
1.1979,10.607
1.199,13.858
1.2,15
1.201,13.858
1.2021,10.607
1.2031,5.7403
1.2042,1.198e-012
1.2052,-5.7403
1.2063,-10.607
1.2073,-13.858
1.2083,-15
1.2094,-13.858
1.2104,-10.607
1.2115,-5.7403
1.2125,-1.3597e-012
1.2135,5.7403
1.2146,10.607
1.2156,13.858
1.2167,15
1.2177,13.858
1.2188,10.607
1.2198,5.7403
1.2208,-1.8385e-013
1.2219,-5.7403
1.2229,-10.607
1.224,-13.858
1.225,-15
1.226,-13.858
1.2271,-10.607
1.2281,-5.7403
1.2292,2.2146e-014
1.2302,5.7403
1.2313,10.607
1.2323,13.858
1.2333,15
1.2344,13.858
1.2354,10.607
1.2365,5.7403
1.2375,1.3956e-013
1.2385,-5.7403
1.2396,-10.607
1.2406,-13.858
1.2417,-15
1.2427,-13.858
1.2437,-10.607
1.2448,-5.7403
1.2458,-3.0127e-013
1.2469,5.7403
1.2479,10.607
1.249,13.858
1.25,15
1.251,13.858
1.2521,10.607
1.2531,5.7403
1.2542,-3.8967e-013
1.2552,-5.7403
1.2563,-10.607
1.2573,-13.858
1.2583,-15
1.2594,-13.858
1.2604,-10.607
1.2615,-5.7403
1.2625,2.2796e-013
1.2635,5.7403
1.2646,10.607
1.2656,13.858
1.2667,15
1.2677,13.858
1.2688,10.607
1.2698,5.7403
1.2708,-6.6252e-014
1.2719,-5.7403
1.2729,-10.607
1.274,-13.858
1.275,-15
1.276,-13.858
1.2771,-10.607
1.2781,-5.7403
1.2792,-9.5457e-014
1.2802,5.7403
1.2813,10.607
1.2823,13.858
1.2833,15
1.2844,13.858
1.2854,10.607
1.2865,5.7403
1.2875,2.5717e-013
1.2885,-5.7403
1.2896,-10.607
1.2906,-13.858
1.2917,-15
1.2927,-13.858
1.2938,-10.607
1.2948,-5.7403
1.2958,-4.1888e-013
1.2969,5.7403
1.2979,10.607
1.299,13.858
1.3,15
1.301,13.858
1.3021,10.607
1.3031,5.7403
1.3042,-2.7207e-013
1.3052,-5.7403
1.3063,-10.607
1.3073,-13.858
1.3083,-15
1.3094,-13.858
1.3104,-10.607
1.3115,-5.7403
1.3125,1.1036e-013
1.3135,5.7403
1.3146,10.607
1.3156,13.858
1.3167,15
1.3177,13.858
1.3188,10.607
1.3198,5.7403
1.3208,5.1352e-014
1.3219,-5.7403
1.3229,-10.607
1.324,-13.858
1.325,-15
1.326,-13.858
1.3271,-10.607
1.3281,-5.7403
1.3292,-2.1306e-013
1.3302,5.7403
1.3313,10.607
1.3323,13.858
1.3333,15
1.3344,0
1.3354,0
1.3365,0
1.3375,0
1.3385,0
1.3396,0
1.3406,0
1.3417,0
1.3427,0
1.3438,0
1.3448,0
1.3458,0
1.3469,0
1.3479,0
1.349,0
1.35,0
1.351,0
1.3521,0
1.3531,0
1.3542,0
1.3552,0
1.3563,0
1.3573,0
1.3583,0
1.3594,0
1.3604,0
1.3615,0
1.3625,0
1.3635,0
1.3646,0
1.3656,0
1.3667,0
1.3677,0
1.3688,0
1.3698,0
1.3708,0
1.3719,0
1.3729,0
1.374,0
1.375,0
1.376,0
1.3771,0
1.3781,0
1.3792,0
1.3802,0
1.3813,0
1.3823,0
1.3833,0
1.3844,0
1.3854,0
1.3865,0
1.3875,0
1.3885,0
1.3896,0
1.3906,0
1.3917,0
1.3927,0
1.3938,0
1.3948,0
1.3958,0
1.3969,0
1.3979,0
1.399,0
1.4,0
1.401,0
1.4021,0
1.4031,0
1.4042,0
1.4052,0
1.4063,0
1.4073,0
1.4083,0
1.4094,0
1.4104,0
1.4115,0
1.4125,0
1.4135,0
1.4146,0
1.4156,0
1.4167,0
1.4177,0
1.4188,0
1.4198,0
1.4208,0
1.4219,0
1.4229,0
1.424,0
1.425,0
1.426,0
1.4271,0
1.4281,0
1.4292,0
1.4302,0
1.4313,0
1.4323,0
1.4333,0
1.4344,0
1.4354,0
1.4365,0
1.4375,0
1.4385,0
1.4396,0
1.4406,0
1.4417,0
1.4427,0
1.4438,0
1.4448,0
1.4458,0
1.4469,0
1.4479,0
1.449,0
1.45,0
1.451,0
1.4521,0
1.4531,0
1.4542,0
1.4552,0
1.4563,0
1.4573,0
1.4583,0
1.4594,0
1.4604,0
1.4615,0
1.4625,0
1.4635,0
1.4646,0
1.4656,0
1.4667,0
1.4677,0
1.4688,0
1.4698,0
1.4708,0
1.4719,0
1.4729,0
1.474,0
1.475,0
1.476,0
1.4771,0
1.4781,0
1.4792,0
1.4802,0
1.4813,0
1.4823,0
1.4833,0
1.4844,0
1.4854,0
1.4865,0
1.4875,0
1.4885,0
1.4896,0
1.4906,0
1.4917,0
1.4927,0
1.4938,0
1.4948,0
1.4958,0
1.4969,0
1.4979,0
1.499,0
1.5,0
1.501,0
1.5021,0
1.5031,0
1.5042,0
1.5052,0
1.5063,0
1.5073,0
1.5083,0
1.5094,0
1.5104,0
1.5115,0
1.5125,0
1.5135,0
1.5146,0
1.5156,0
1.5167,0
1.5177,0
1.5188,0
1.5198,0
1.5208,0
1.5219,0
1.5229,0
1.524,0
1.525,0
1.526,0
1.5271,0
1.5281,0
1.5292,0
1.5302,0
1.5313,0
1.5323,0
1.5333,0
1.5344,0
1.5354,0
1.5365,0
1.5375,0
1.5385,0
1.5396,0
1.5406,0
1.5417,0
1.5427,0
1.5438,0
1.5448,0
1.5458,0
1.5469,0
1.5479,0
1.549,0
1.55,0
1.551,0
1.5521,0
1.5531,0
1.5542,0
1.5552,0
1.5563,0
1.5573,0
1.5583,0
1.5594,0
1.5604,0
1.5615,0
1.5625,0
1.5635,0
1.5646,0
1.5656,0
1.5667,0
1.5677,0
1.5688,0
1.5698,0
1.5708,0
1.5719,0
1.5729,0
1.574,0
1.575,0
1.576,0
1.5771,0
1.5781,0
1.5792,0
1.5802,0
1.5813,0
1.5823,0
1.5833,0
1.5844,0
1.5854,0
1.5865,0
1.5875,0
1.5885,0
1.5896,0
1.5906,0
1.5917,0
1.5927,0
1.5938,0
1.5948,0
1.5958,0
1.5969,0
1.5979,0
1.599,0
1.6,0
1.601,0
1.6021,0
1.6031,0
1.6042,0
1.6052,0
1.6063,0
1.6073,0
1.6083,0
1.6094,0
1.6104,0
1.6115,0
1.6125,0
1.6135,0
1.6146,0
1.6156,0
1.6167,0
1.6177,0
1.6188,0
1.6198,0
1.6208,0
1.6219,0
1.6229,0
1.624,0
1.625,0
1.626,0
1.6271,0
1.6281,0
1.6292,0
1.6302,0
1.6313,0
1.6323,0
1.6333,0
1.6344,0
1.6354,0
1.6365,0
1.6375,0
1.6385,0
1.6396,0
1.6406,0
1.6417,0
1.6427,0
1.6438,0
1.6448,0
1.6458,0
1.6469,0
1.6479,0
1.649,0
1.65,0
1.651,0
1.6521,0
1.6531,0
1.6542,0
1.6552,0
1.6563,0
1.6573,0
1.6583,0
1.6594,0
1.6604,0
1.6615,0
1.6625,0
1.6635,0
1.6646,0
1.6656,0
1.6667,0
1.6677,0
1.6688,0
1.6698,0
1.6708,0
1.6719,0
1.6729,0
1.674,0
1.675,0
1.676,0
1.6771,0
1.6781,0
1.6792,0
1.6802,0
1.6813,0
1.6823,0
1.6833,0
1.6844,0
1.6854,0
1.6865,0
1.6875,0
1.6885,0
1.6896,0
1.6906,0
1.6917,0
1.6927,0
1.6938,0
1.6948,0
1.6958,0
1.6969,0
1.6979,0
1.699,0
1.7,0
1.701,0
1.7021,0
1.7031,0
1.7042,0
1.7052,0
1.7063,0
1.7073,0
1.7083,0
1.7094,0
1.7104,0
1.7115,0
1.7125,0
1.7135,0
1.7146,0
1.7156,0
1.7167,0
1.7177,0
1.7188,0
1.7198,0
1.7208,0
1.7219,0
1.7229,0
1.724,0
1.725,0
1.726,0
1.7271,0
1.7281,0
1.7292,0
1.7302,0
1.7313,0
1.7323,0
1.7333,0
1.7344,0
1.7354,0
1.7365,0
1.7375,0
1.7385,0
1.7396,0
1.7406,0
1.7417,0
1.7427,0
1.7438,0
1.7448,0
1.7458,0
1.7469,0
1.7479,0
1.749,0
1.75,0
1.751,0
1.7521,0
1.7531,0
1.7542,0
1.7552,0
1.7563,0
1.7573,0
1.7583,0
1.7594,0
1.7604,0
1.7615,0
1.7625,0
1.7635,0
1.7646,0
1.7656,0
1.7667,0
1.7677,0
1.7688,0
1.7698,0
1.7708,0
1.7719,0
1.7729,0
1.774,0
1.775,0
1.776,0
1.7771,0
1.7781,0
1.7792,0
1.7802,0
1.7813,0
1.7823,0
1.7833,0
1.7844,0
1.7854,0
1.7865,0
1.7875,0
1.7885,0
1.7896,0
1.7906,0
1.7917,0
1.7927,0
1.7938,0
1.7948,0
1.7958,0
1.7969,0
1.7979,0
1.799,0
1.8,0
1.801,0
1.8021,0
1.8031,0
1.8042,0
1.8052,0
1.8063,0
1.8073,0
1.8083,0
1.8094,0
1.8104,0
1.8115,0
1.8125,0
1.8135,0
1.8146,0
1.8156,0
1.8167,0
1.8177,0
1.8188,0
1.8198,0
1.8208,0
1.8219,0
1.8229,0
1.824,0
1.825,0
1.826,0
1.8271,0
1.8281,0
1.8292,0
1.8302,0
1.8313,0
1.8323,0
1.8333,0
1.8344,0
1.8354,0
1.8365,0
1.8375,0
1.8385,0
1.8396,0
1.8406,0
1.8417,0
1.8427,0
1.8438,0
1.8448,0
1.8458,0
1.8469,0
1.8479,0
1.849,0
1.85,0
1.851,0
1.8521,0
1.8531,0
1.8542,0
1.8552,0
1.8563,0
1.8573,0
1.8583,0
1.8594,0
1.8604,0
1.8615,0
1.8625,0
1.8635,0
1.8646,0
1.8656,0
1.8667,0
1.8677,0
1.8688,0
1.8698,0
1.8708,0
1.8719,0
1.8729,0
1.874,0
1.875,0
1.876,0
1.8771,0
1.8781,0
1.8792,0
1.8802,0
1.8813,0
1.8823,0
1.8833,0
1.8844,0
1.8854,0
1.8865,0
1.8875,0
1.8885,0
1.8896,0
1.8906,0
1.8917,0
1.8927,0
1.8938,0
1.8948,0
1.8958,0
1.8969,0
1.8979,0
1.899,0
1.9,0
1.901,0
1.9021,0
1.9031,0
1.9042,0
1.9052,0
1.9063,0
1.9073,0
1.9083,0
1.9094,0
1.9104,0
1.9115,0
1.9125,0
1.9135,0
1.9146,0
1.9156,0
1.9167,0
1.9177,0
1.9188,0
1.9198,0
1.9208,0
1.9219,0
1.9229,0
1.924,0
1.925,0
1.926,0
1.9271,0
1.9281,0
1.9292,0
1.9302,0
1.9313,0
1.9323,0
1.9333,0
1.9344,0
1.9354,0
1.9365,0
1.9375,0
1.9385,0
1.9396,0
1.9406,0
1.9417,0
1.9427,0
1.9438,0
1.9448,0
1.9458,0
1.9469,0
1.9479,0
1.949,0
1.95,0
1.951,0
1.9521,0
1.9531,0
1.9542,0
1.9552,0
1.9563,0
1.9573,0
1.9583,0
1.9594,0
1.9604,0
1.9615,0
1.9625,0
1.9635,0
1.9646,0
1.9656,0
1.9667,0
1.9677,0
1.9688,0
1.9698,0
1.9708,0
1.9719,0
1.9729,0
1.974,0
1.975,0
1.976,0
1.9771,0
1.9781,0
1.9792,0
1.9802,0
1.9813,0
1.9823,0
1.9833,0
1.9844,0
1.9854,0
1.9865,0
1.9875,0
1.9885,0
1.9896,0
1.9906,0
1.9917,0
1.9927,0
1.9938,0
1.9948,0
1.9958,0
1.9969,0
1.9979,0
1.999,0
2,0
2.001,0
2.0021,0
2.0031,0
2.0042,0
2.0052,0
2.0063,0
2.0073,0
2.0083,0
2.0094,0
2.0104,0
2.0115,0
2.0125,0
2.0135,0
2.0146,0
2.0156,0
2.0167,0
2.0177,0
2.0188,0
2.0198,0
2.0208,0
2.0219,0
2.0229,0
2.024,0
2.025,0
2.026,0
2.0271,0
2.0281,0
2.0292,0
2.0302,0
2.0313,0
2.0323,0
2.0333,0
2.0344,0
2.0354,0
2.0365,0
2.0375,0
2.0385,0
2.0396,0
2.0406,0
2.0417,0
2.0427,0
2.0438,0
2.0448,0
2.0458,0
2.0469,0
2.0479,0
2.049,0
2.05,0
2.051,0
2.0521,0
2.0531,0
2.0542,0
2.0552,0
2.0563,0
2.0573,0
2.0583,0
2.0594,0
2.0604,0
2.0615,0
2.0625,0
2.0635,0
2.0646,0
2.0656,0
2.0667,0
2.0677,0
2.0688,0
2.0698,0
2.0708,0
2.0719,0
2.0729,0
2.074,0
2.075,0
2.076,0
2.0771,0
2.0781,0
2.0792,0
2.0802,0
2.0813,0
2.0823,0
2.0833,0
2.0844,0
2.0854,0
2.0865,0
2.0875,0
2.0885,0
2.0896,0
2.0906,0
2.0917,0
2.0927,0
2.0938,0
2.0948,0
2.0958,0
2.0969,0
2.0979,0
2.099,0
2.1,0
2.101,0
2.1021,0
2.1031,0
2.1042,0
2.1052,0
2.1063,0
2.1073,0
2.1083,0
2.1094,0
2.1104,0
2.1115,0
2.1125,0
2.1135,0
2.1146,0
2.1156,0
2.1167,0
2.1177,0
2.1188,0
2.1198,0
2.1208,0
2.1219,0
2.1229,0
2.124,0
2.125,0
2.126,0
2.1271,0
2.1281,0
2.1292,0
2.1302,0
2.1313,0
2.1323,0
2.1333,0
2.1344,0
2.1354,0
2.1365,0
2.1375,0
2.1385,0
2.1396,0
2.1406,0
2.1417,0
2.1427,0
2.1438,0
2.1448,0
2.1458,0
2.1469,0
2.1479,0
2.149,0
2.15,0
2.151,0
2.1521,0
2.1531,0
2.1542,0
2.1552,0
2.1563,0
2.1573,0
2.1583,0
2.1594,0
2.1604,0
2.1615,0
2.1625,0
2.1635,0
2.1646,0
2.1656,0
2.1667,0
2.1677,13.858
2.1688,10.607
2.1698,5.7403
2.1708,3.453e-013
2.1719,-5.7403
2.1729,-10.607
2.174,-13.858
2.175,-15
2.176,-13.858
2.1771,-10.607
2.1781,-5.7403
2.1792,-5.0701e-013
2.1802,5.7403
2.1813,10.607
2.1823,13.858
2.1833,15
2.1844,13.858
2.1854,10.607
2.1865,5.7403
2.1875,-1.0366e-012
2.1885,-5.7403
2.1896,-10.607
2.1906,-13.858
2.1917,-15
2.1927,-13.858
2.1938,-10.607
2.1948,-5.7403
2.1958,8.7487e-013
2.1969,5.7403
2.1979,10.607
2.199,13.858
2.2,15
2.201,13.858
2.2021,10.607
2.2031,5.7403
2.2042,-7.1316e-013
2.2052,-5.7403
2.2063,-10.607
2.2073,-13.858
2.2083,-15
2.2094,-13.858
2.2104,-10.607
2.2115,-5.7403
2.2125,5.5145e-013
2.2135,5.7403
2.2146,10.607
2.2156,13.858
2.2167,15
2.2177,13.858
2.2188,10.607
2.2198,5.7403
2.2208,-3.8974e-013
2.2219,-5.7403
2.2229,-10.607
2.224,-13.858
2.225,-15
2.226,-13.858
2.2271,-10.607
2.2281,-5.7403
2.2292,2.2803e-013
2.2302,5.7403
2.2313,10.607
2.2323,13.858
2.2333,15
2.2344,13.858
2.2354,10.607
2.2365,5.7403
2.2375,-6.6326e-014
2.2385,-5.7403
2.2396,-10.607
2.2406,-13.858
2.2417,-15
2.2427,-13.858
2.2438,-10.607
2.2448,-5.7403
2.2458,-9.5383e-014
2.2469,5.7403
2.2479,10.607
2.249,13.858
2.25,15
2.251,13.858
2.2521,10.607
2.2531,5.7403
2.2542,2.5709e-013
2.2552,-5.7403
2.2563,-10.607
2.2573,-13.858
2.2583,-15
2.2594,-13.858
2.2604,-10.607
2.2615,-5.7403
2.2625,-4.188e-013
2.2635,5.7403
2.2646,10.607
2.2656,13.858
2.2667,15
2.2677,13.858
2.2688,10.607
2.2698,5.7403
2.2708,5.8051e-013
2.2719,-5.7403
2.2729,-10.607
2.274,-13.858
2.275,-15
2.276,-13.858
2.2771,-10.607
2.2781,-5.7403
2.2792,-7.4222e-013
2.2802,5.7403
2.2813,10.607
2.2823,13.858
2.2833,15
2.2844,13.858
2.2854,10.607
2.2865,5.7403
2.2875,9.0393e-013
2.2885,-5.7403
2.2896,-10.607
2.2906,-13.858
2.2917,-15
2.2927,-13.858
2.2938,-10.607
2.2948,-5.7403
2.2958,-1.0656e-012
2.2969,5.7403
2.2979,10.607
2.299,13.858
2.3,15
2.301,13.858
2.3021,10.607
2.3031,5.7403
2.3042,1.2273e-012
2.3052,-5.7403
2.3063,-10.607
2.3073,-13.858
2.3083,-15
2.3094,-13.858
2.3104,-10.607
2.3115,-5.7403
2.3125,-1.3891e-012
2.3135,5.7403
2.3146,10.607
2.3156,13.858
2.3167,15
2.3177,13.858
2.3188,10.607
2.3198,5.7403
2.3208,1.5508e-012
2.3219,-5.7403
2.3229,-10.607
2.324,-13.858
2.325,-15
2.326,-13.858
2.3271,-10.607
2.3281,-5.7403
2.3292,-1.7125e-012
2.3302,5.7403
2.3313,10.607
2.3323,13.858
2.3333,15
2.3344,0
2.3354,0
2.3365,0
2.3375,0
2.3385,0
2.3396,0
2.3406,0
2.3417,0
2.3427,0
2.3438,0
2.3448,0
2.3458,0
2.3469,0
2.3479,0
2.349,0
2.35,0
2.351,0
2.3521,0
2.3531,0
2.3542,0
2.3552,0
2.3563,0
2.3573,0
2.3583,0
2.3594,0
2.3604,0
2.3615,0
2.3625,0
2.3635,0
2.3646,0
2.3656,0
2.3667,0
2.3677,0
2.3687,0
2.3698,0
2.3708,0
2.3719,0
2.3729,0
2.374,0
2.375,0
2.376,0
2.3771,0
2.3781,0
2.3792,0
2.3802,0
2.3813,0
2.3823,0
2.3833,0
2.3844,0
2.3854,0
2.3865,0
2.3875,0
2.3885,0
2.3896,0
2.3906,0
2.3917,0
2.3927,0
2.3938,0
2.3948,0
2.3958,0
2.3969,0
2.3979,0
2.399,0
2.4,0
2.401,0
2.4021,0
2.4031,0
2.4042,0
2.4052,0
2.4063,0
2.4073,0
2.4083,0
2.4094,0
2.4104,0
2.4115,0
2.4125,0
2.4135,0
2.4146,0
2.4156,0
2.4167,0
2.4177,0
2.4188,0
2.4198,0
2.4208,0
2.4219,0
2.4229,0
2.424,0
2.425,0
2.426,0
2.4271,0
2.4281,0
2.4292,0
2.4302,0
2.4312,0
2.4323,0
2.4333,0
2.4344,0
2.4354,0
2.4365,0
2.4375,0
2.4385,0
2.4396,0
2.4406,0
2.4417,0
2.4427,0
2.4438,0
2.4448,0
2.4458,0
2.4469,0
2.4479,0
2.449,0
2.45,0
2.451,0
2.4521,0
2.4531,0
2.4542,0
2.4552,0
2.4563,0
2.4573,0
2.4583,0
2.4594,0
2.4604,0
2.4615,0
2.4625,0
2.4635,0
2.4646,0
2.4656,0
2.4667,0
2.4677,0
2.4688,0
2.4698,0
2.4708,0
2.4719,0
2.4729,0
2.474,0
2.475,0
2.476,0
2.4771,0
2.4781,0
2.4792,0
2.4802,0
2.4813,0
2.4823,0
2.4833,0
2.4844,0
2.4854,0
2.4865,0
2.4875,0
2.4885,0
2.4896,0
2.4906,0
2.4917,0
2.4927,0
2.4937,0
2.4948,0
2.4958,0
2.4969,0
2.4979,0
2.499,0
2.5,0
2.501,0
2.5021,0
2.5031,0
2.5042,0
2.5052,0
2.5063,0
2.5073,0
2.5083,0
2.5094,0
2.5104,0
2.5115,0
2.5125,0
2.5135,0
2.5146,0
2.5156,0
2.5167,0
2.5177,0
2.5188,0
2.5198,0
2.5208,0
2.5219,0
2.5229,0
2.524,0
2.525,0
2.526,0
2.5271,0
2.5281,0
2.5292,0
2.5302,0
2.5313,0
2.5323,0
2.5333,0
2.5344,0
2.5354,0
2.5365,0
2.5375,0
2.5385,0
2.5396,0
2.5406,0
2.5417,0
2.5427,0
2.5438,0
2.5448,0
2.5458,0
2.5469,0
2.5479,0
2.549,0
2.55,0
2.551,0
2.5521,0
2.5531,0
2.5542,0
2.5552,0
2.5562,0
2.5573,0
2.5583,0
2.5594,0
2.5604,0
2.5615,0
2.5625,0
2.5635,0
2.5646,0
2.5656,0
2.5667,0
2.5677,0
2.5688,0
2.5698,0
2.5708,0
2.5719,0
2.5729,0
2.574,0
2.575,0
2.576,0
2.5771,0
2.5781,0
2.5792,0
2.5802,0
2.5813,0
2.5823,0
2.5833,0
2.5844,0
2.5854,0
2.5865,0
2.5875,0
2.5885,0
2.5896,0
2.5906,0
2.5917,0
2.5927,0
2.5938,0
2.5948,0
2.5958,0
2.5969,0
2.5979,0
2.599,0
2.6,0
2.601,0
2.6021,0
2.6031,0
2.6042,0
2.6052,0
2.6063,0
2.6073,0
2.6083,0
2.6094,0
2.6104,0
2.6115,0
2.6125,0
2.6135,0
2.6146,0
2.6156,0
2.6167,0
2.6177,0
2.6187,0
2.6198,0
2.6208,0
2.6219,0
2.6229,0
2.624,0
2.625,0
2.626,0
2.6271,0
2.6281,0
2.6292,0
2.6302,0
2.6313,0
2.6323,0
2.6333,0
2.6344,0
2.6354,0
2.6365,0
2.6375,0
2.6385,0
2.6396,0
2.6406,0
2.6417,0
2.6427,0
2.6438,0
2.6448,0
2.6458,0
2.6469,0
2.6479,0
2.649,0
2.65,0
2.651,0
2.6521,0
2.6531,0
2.6542,0
2.6552,0
2.6563,0
2.6573,0
2.6583,0
2.6594,0
2.6604,0
2.6615,0
2.6625,0
2.6635,0
2.6646,0
2.6656,0
2.6667,0
2.6677,0
2.6688,0
2.6698,0
2.6708,0
2.6719,0
2.6729,0
2.674,0
2.675,0
2.676,0
2.6771,0
2.6781,0
2.6792,0
2.6802,0
2.6812,0
2.6823,0
2.6833,0
2.6844,0
2.6854,0
2.6865,0
2.6875,0
2.6885,0
2.6896,0
2.6906,0
2.6917,0
2.6927,0
2.6938,0
2.6948,0
2.6958,0
2.6969,0
2.6979,0
2.699,0
2.7,0
2.701,0
2.7021,0
2.7031,0
2.7042,0
2.7052,0
2.7063,0
2.7073,0
2.7083,0
2.7094,0
2.7104,0
2.7115,0
2.7125,0
2.7135,0
2.7146,0
2.7156,0
2.7167,0
2.7177,0
2.7188,0
2.7198,0
2.7208,0
2.7219,0
2.7229,0
2.724,0
2.725,0
2.726,0
2.7271,0
2.7281,0
2.7292,0
2.7302,0
2.7313,0
2.7323,0
2.7333,0
2.7344,0
2.7354,0
2.7365,0
2.7375,0
2.7385,0
2.7396,0
2.7406,0
2.7417,0
2.7427,0
2.7437,0
2.7448,0
2.7458,0
2.7469,0
2.7479,0
2.749,0
2.75,0
2.751,0
2.7521,0
2.7531,0
2.7542,0
2.7552,0
2.7563,0
2.7573,0
2.7583,0
2.7594,0
2.7604,0
2.7615,0
2.7625,0
2.7635,0
2.7646,0
2.7656,0
2.7667,0
2.7677,0
2.7688,0
2.7698,0
2.7708,0
2.7719,0
2.7729,0
2.774,0
2.775,0
2.776,0
2.7771,0
2.7781,0
2.7792,0
2.7802,0
2.7813,0
2.7823,0
2.7833,0
2.7844,0
2.7854,0
2.7865,0
2.7875,0
2.7885,0
2.7896,0
2.7906,0
2.7917,0
2.7927,0
2.7938,0
2.7948,0
2.7958,0
2.7969,0
2.7979,0
2.799,0
2.8,0
2.801,0
2.8021,0
2.8031,0
2.8042,0
2.8052,0
2.8062,0
2.8073,0
2.8083,0
2.8094,0
2.8104,0
2.8115,0
2.8125,0
2.8135,0
2.8146,0
2.8156,0
2.8167,0
2.8177,0
2.8188,0
2.8198,0
2.8208,0
2.8219,0
2.8229,0
2.824,0
2.825,0
2.826,0
2.8271,0
2.8281,0
2.8292,0
2.8302,0
2.8313,0
2.8323,0
2.8333,0
2.8344,0
2.8354,0
2.8365,0
2.8375,0
2.8385,0
2.8396,0
2.8406,0
2.8417,0
2.8427,0
2.8438,0
2.8448,0
2.8458,0
2.8469,0
2.8479,0
2.849,0
2.85,0
2.851,0
2.8521,0
2.8531,0
2.8542,0
2.8552,0
2.8563,0
2.8573,0
2.8583,0
2.8594,0
2.8604,0
2.8615,0
2.8625,0
2.8635,0
2.8646,0
2.8656,0
2.8667,0
2.8677,0
2.8688,0
2.8698,0
2.8708,0
2.8719,0
2.8729,0
2.874,0
2.875,0
2.876,0
2.8771,0
2.8781,0
2.8792,0
2.8802,0
2.8813,0
2.8823,0
2.8833,0
2.8844,0
2.8854,0
2.8865,0
2.8875,0
2.8885,0
2.8896,0
2.8906,0
2.8917,0
2.8927,0
2.8937,0
2.8948,0
2.8958,0
2.8969,0
2.8979,0
2.899,0
2.9,0
2.901,0
2.9021,0
2.9031,0
2.9042,0
2.9052,0
2.9063,0
2.9073,0
2.9083,0
2.9094,0
2.9104,0
2.9115,0
2.9125,0
2.9135,0
2.9146,0
2.9156,0
2.9167,0
2.9177,0
2.9188,0
2.9198,0
2.9208,0
2.9219,0
2.9229,0
2.924,0
2.925,0
2.926,0
2.9271,0
2.9281,0
2.9292,0
2.9302,0
2.9313,0
2.9323,0
2.9333,0
2.9344,0
2.9354,0
2.9365,0
2.9375,0
2.9385,0
2.9396,0
2.9406,0
2.9417,0
2.9427,0
2.9438,0
2.9448,0
2.9458,0
2.9469,0
2.9479,0
2.949,0
2.95,0
2.951,0
2.9521,0
2.9531,0
2.9542,0
2.9552,0
2.9562,0
2.9573,0
2.9583,0
2.9594,0
2.9604,0
2.9615,0
2.9625,0
2.9635,0
2.9646,0
2.9656,0
2.9667,0
2.9677,0
2.9688,0
2.9698,0
2.9708,0
2.9719,0
2.9729,0
2.974,0
2.975,0
2.976,0
2.9771,0
2.9781,0
2.9792,0
2.9802,0
2.9813,0
2.9823,0
2.9833,0
2.9844,0
2.9854,0
2.9865,0
2.9875,0
2.9885,0
2.9896,0
2.9906,0
2.9917,0
2.9927,0
2.9938,0
2.9948,0
2.9958,0
2.9969,0
2.9979,0
2.999,0
3,0
3.001,0
3.0021,0
3.0031,0
3.0042,0
3.0052,0
3.0063,0
3.0073,0
3.0083,0
3.0094,0
3.0104,0
3.0115,0
3.0125,0
3.0135,0
3.0146,0
3.0156,0
3.0167,0
3.0177,0
3.0187,0
3.0198,0
3.0208,0
3.0219,0
3.0229,0
3.024,0
3.025,0
3.026,0
3.0271,0
3.0281,0
3.0292,0
3.0302,0
3.0313,0
3.0323,0
3.0333,0
3.0344,0
3.0354,0
3.0365,0
3.0375,0
3.0385,0
3.0396,0
3.0406,0
3.0417,0
3.0427,0
3.0438,0
3.0448,0
3.0458,0
3.0469,0
3.0479,0
3.049,0
3.05,0
3.051,0
3.0521,0
3.0531,0
3.0542,0
3.0552,0
3.0563,0
3.0573,0
3.0583,0
3.0594,0
3.0604,0
3.0615,0
3.0625,0
3.0635,0
3.0646,0
3.0656,0
3.0667,0
3.0677,0
3.0688,0
3.0698,0
3.0708,0
3.0719,0
3.0729,0
3.074,0
3.075,0
3.076,0
3.0771,0
3.0781,0
3.0792,0
3.0802,0
3.0812,0
3.0823,0
3.0833,0
3.0844,0
3.0854,0
3.0865,0
3.0875,0
3.0885,0
3.0896,0
3.0906,0
3.0917,0
3.0927,0
3.0938,0
3.0948,0
3.0958,0
3.0969,0
3.0979,0
3.099,0
3.1,0
3.101,0
3.1021,0
3.1031,0
3.1042,0
3.1052,0
3.1063,0
3.1073,0
3.1083,0
3.1094,0
3.1104,0
3.1115,0
3.1125,0
3.1135,0
3.1146,0
3.1156,0
3.1167,0
3.1177,0
3.1188,0
3.1198,0
3.1208,0
3.1219,0
3.1229,0
3.124,0
3.125,0
3.126,0
3.1271,0
3.1281,0
3.1292,0
3.1302,0
3.1313,0
3.1323,0
3.1333,0
3.1344,0
3.1354,0
3.1365,0
3.1375,0
3.1385,0
3.1396,0
3.1406,0
3.1417,0
3.1427,0
3.1437,0
3.1448,0
3.1458,0
3.1469,0
3.1479,0
3.149,0
3.15,0
3.151,0
3.1521,0
3.1531,0
3.1542,0
3.1552,0
3.1563,0
3.1573,0
3.1583,0
3.1594,0
3.1604,0
3.1615,0
3.1625,0
3.1635,0
3.1646,0
3.1656,0
3.1667,0
3.1677,0
3.1688,0
3.1698,0
3.1708,0
3.1719,0
3.1729,0
3.174,0
3.175,0
3.176,0
3.1771,0
3.1781,0
3.1792,0
3.1802,0
3.1812,0
3.1823,0
3.1833,0
3.1844,0
3.1854,0
3.1865,0
3.1875,0
3.1885,0
3.1896,0
3.1906,0
3.1917,0
3.1927,0
3.1938,0
3.1948,0
3.1958,0
3.1969,0
3.1979,0
3.199,0
3.2,0
3.201,0
3.2021,0
3.2031,0
3.2042,0
3.2052,0
3.2062,0
3.2073,0
3.2083,0
3.2094,0
3.2104,0
3.2115,0
3.2125,0
3.2135,0
3.2146,0
3.2156,0
3.2167,0
3.2177,0
3.2188,0
3.2198,0
3.2208,0
3.2219,0
3.2229,0
3.224,0
3.225,0
3.226,0
3.2271,0
3.2281,0
3.2292,0
3.2302,0
3.2313,0
3.2323,0
3.2333,0
3.2344,0
3.2354,0
3.2365,0
3.2375,0
3.2385,0
3.2396,0
3.2406,0
3.2417,0
3.2427,0
3.2437,0
3.2448,0
3.2458,0
3.2469,0
3.2479,0
3.249,0
3.25,0
3.251,0
3.2521,0
3.2531,0
3.2542,0
3.2552,0
3.2563,0
3.2573,0
3.2583,0
3.2594,0
3.2604,0
3.2615,0
3.2625,0
3.2635,0
3.2646,0
3.2656,0
3.2667,0
3.2677,0
3.2687,0
3.2698,0
3.2708,0
3.2719,0
3.2729,0
3.274,0
3.275,0
3.276,0
3.2771,0
3.2781,0
3.2792,0
3.2802,0
3.2813,0
3.2823,0
3.2833,0
3.2844,0
3.2854,0
3.2865,0
3.2875,0
3.2885,0
3.2896,0
3.2906,0
3.2917,0
3.2927,0
3.2938,0
3.2948,0
3.2958,0
3.2969,0
3.2979,0
3.299,0
3.3,0
3.301,0
3.3021,0
3.3031,0
3.3042,0
3.3052,0
3.3062,0
3.3073,0
3.3083,0
3.3094,0
3.3104,0
3.3115,0
3.3125,0
3.3135,0
3.3146,0
3.3156,0
3.3167,0
3.3177,0
3.3188,0
3.3198,0
3.3208,0
3.3219,0
3.3229,0
3.324,0
3.325,0
3.326,0
3.3271,0
3.3281,0
3.3292,0
3.3302,0
3.3312,0
3.3323,0
3.3333,0
3.3344,0
3.3354,0
3.3365,0
3.3375,0
3.3385,0
3.3396,0
3.3406,0
3.3417,0
3.3427,0
3.3438,0
3.3448,0
3.3458,0
3.3469,0
3.3479,0
3.349,0
3.35,0
3.351,0
3.3521,0
3.3531,0
3.3542,0
3.3552,0
3.3563,0
3.3573,0
3.3583,0
3.3594,0
3.3604,0
3.3615,0
3.3625,0
3.3635,0
3.3646,0
3.3656,0
3.3667,0
3.3677,0
3.3688,0
3.3698,0
3.3708,0
3.3719,0
3.3729,0
3.374,0
3.375,0
3.376,0
3.3771,0
3.3781,0
3.3792,0
3.3802,0
3.3813,0
3.3823,0
3.3833,0
3.3844,0
3.3854,0
3.3865,0
3.3875,0
3.3885,0
3.3896,0
3.3906,0
3.3917,0
3.3927,0
3.3938,0
3.3948,0
3.3958,0
3.3969,0
3.3979,0
3.399,0
3.4,0
3.401,0
3.4021,0
3.4031,0
3.4042,0
3.4052,0
3.4063,0
3.4073,0
3.4083,0
3.4094,0
3.4104,0
3.4115,0
3.4125,0
3.4135,0
3.4146,0
3.4156,0
3.4167,0
3.4177,0
3.4188,0
3.4198,0
3.4208,0
3.4219,0
3.4229,0
3.424,0
3.425,0
3.426,0
3.4271,0
3.4281,0
3.4292,0
3.4302,0
3.4313,0
3.4323,0
3.4333,0
3.4344,0
3.4354,0
3.4365,0
3.4375,0
3.4385,0
3.4396,0
3.4406,0
3.4417,0
3.4427,0
3.4438,0
3.4448,0
3.4458,0
3.4469,0
3.4479,0
3.449,0
3.45,0
3.451,0
3.4521,0
3.4531,0
3.4542,0
3.4552,0
3.4563,0
3.4573,0
3.4583,0
3.4594,0
3.4604,0
3.4615,0
3.4625,0
3.4635,0
3.4646,0
3.4656,0
3.4667,0
3.4677,0
3.4688,0
3.4698,0
3.4708,0
3.4719,0
3.4729,0
3.474,0
3.475,0
3.476,0
3.4771,0
3.4781,0
3.4792,0
3.4802,0
3.4813,0
3.4823,0
3.4833,0
3.4844,0
3.4854,0
3.4865,0
3.4875,0
3.4885,0
3.4896,0
3.4906,0
3.4917,0
3.4927,0
3.4938,0
3.4948,0
3.4958,0
3.4969,0
3.4979,0
3.499,0
3.5,0
3.501,0
3.5021,0
3.5031,0
3.5042,0
3.5052,0
3.5063,0
3.5073,0
3.5083,0
3.5094,0
3.5104,0
3.5115,0
3.5125,0
3.5135,0
3.5146,0
3.5156,0
3.5167,0
3.5177,0
3.5188,0
3.5198,0
3.5208,0
3.5219,0
3.5229,0
3.524,0
3.525,0
3.526,0
3.5271,0
3.5281,0
3.5292,0
3.5302,0
3.5313,0
3.5323,0
3.5333,0
3.5344,0
3.5354,0
3.5365,0
3.5375,0
3.5385,0
3.5396,0
3.5406,0
3.5417,0
3.5427,0
3.5438,0
3.5448,0
3.5458,0
3.5469,0
3.5479,0
3.549,0
3.55,0
3.551,0
3.5521,0
3.5531,0
3.5542,0
3.5552,0
3.5563,0
3.5573,0
3.5583,0
3.5594,0
3.5604,0
3.5615,0
3.5625,0
3.5635,0
3.5646,0
3.5656,0
3.5667,0
3.5677,0
3.5688,0
3.5698,0
3.5708,0
3.5719,0
3.5729,0
3.574,0
3.575,0
3.576,0
3.5771,0
3.5781,0
3.5792,0
3.5802,0
3.5813,0
3.5823,0
3.5833,0
3.5844,0
3.5854,0
3.5865,0
3.5875,0
3.5885,0
3.5896,0
3.5906,0
3.5917,0
3.5927,0
3.5938,0
3.5948,0
3.5958,0
3.5969,0
3.5979,0
3.599,0
3.6,0
3.601,0
3.6021,0
3.6031,0
3.6042,0
3.6052,0
3.6063,0
3.6073,0
3.6083,0
3.6094,0
3.6104,0
3.6115,0
3.6125,0
3.6135,0
3.6146,0
3.6156,0
3.6167,0
3.6177,0
3.6188,0
3.6198,0
3.6208,0
3.6219,0
3.6229,0
3.624,0
3.625,0
3.626,0
3.6271,0
3.6281,0
3.6292,0
3.6302,0
3.6313,0
3.6323,0
3.6333,0
3.6344,0
3.6354,0
3.6365,0
3.6375,0
3.6385,0
3.6396,0
3.6406,0
3.6417,0
3.6427,0
3.6438,0
3.6448,0
3.6458,0
3.6469,0
3.6479,0
3.649,0
3.65,0
3.651,0
3.6521,0
3.6531,0
3.6542,0
3.6552,0
3.6563,0
3.6573,0
3.6583,0
3.6594,0
3.6604,0
3.6615,0
3.6625,0
3.6635,0
3.6646,0
3.6656,0
3.6667,0
3.6677,0
3.6688,0
3.6698,0
3.6708,0
3.6719,0
3.6729,0
3.674,0
3.675,0
3.676,0
3.6771,0
3.6781,0
3.6792,0
3.6802,0
3.6813,0
3.6823,0
3.6833,0
3.6844,0
3.6854,0
3.6865,0
3.6875,0
3.6885,0
3.6896,0
3.6906,0
3.6917,0
3.6927,0
3.6938,0
3.6948,0
3.6958,0
3.6969,0
3.6979,0
3.699,0
3.7,0
3.701,0
3.7021,0
3.7031,0
3.7042,0
3.7052,0
3.7063,0
3.7073,0
3.7083,0
3.7094,0
3.7104,0
3.7115,0
3.7125,0
3.7135,0
3.7146,0
3.7156,0
3.7167,0
3.7177,0
3.7188,0
3.7198,0
3.7208,0
3.7219,0
3.7229,0
3.724,0
3.725,0
3.726,0
3.7271,0
3.7281,0
3.7292,0
3.7302,0
3.7313,0
3.7323,0
3.7333,0
3.7344,0
3.7354,0
3.7365,0
3.7375,0
3.7385,0
3.7396,0
3.7406,0
3.7417,0
3.7427,0
3.7438,0
3.7448,0
3.7458,0
3.7469,0
3.7479,0
3.749,0
3.75,0
3.751,0
3.7521,0
3.7531,0
3.7542,0
3.7552,0
3.7563,0
3.7573,0
3.7583,0
3.7594,0
3.7604,0
3.7615,0
3.7625,0
3.7635,0
3.7646,0
3.7656,0
3.7667,0
3.7677,0
3.7688,0
3.7698,0
3.7708,0
3.7719,0
3.7729,0
3.774,0
3.775,0
3.776,0
3.7771,0
3.7781,0
3.7792,0
3.7802,0
3.7813,0
3.7823,0
3.7833,0
3.7844,0
3.7854,0
3.7865,0
3.7875,0
3.7885,0
3.7896,0
3.7906,0
3.7917,0
3.7927,0
3.7938,0
3.7948,0
3.7958,0
3.7969,0
3.7979,0
3.799,0
3.8,0
3.801,0
3.8021,0
3.8031,0
3.8042,0
3.8052,0
3.8063,0
3.8073,0
3.8083,0
3.8094,0
3.8104,0
3.8115,0
3.8125,0
3.8135,0
3.8146,0
3.8156,0
3.8167,0
3.8177,0
3.8188,0
3.8198,0
3.8208,0
3.8219,0
3.8229,0
3.824,0
3.825,0
3.826,0
3.8271,0
3.8281,0
3.8292,0
3.8302,0
3.8313,0
3.8323,0
3.8333,0
3.8344,0
3.8354,0
3.8365,0
3.8375,0
3.8385,0
3.8396,0
3.8406,0
3.8417,0
3.8427,0
3.8438,0
3.8448,0
3.8458,0
3.8469,0
3.8479,0
3.849,0
3.85,0
3.851,0
3.8521,0
3.8531,0
3.8542,0
3.8552,0
3.8563,0
3.8573,0
3.8583,0
3.8594,0
3.8604,0
3.8615,0
3.8625,0
3.8635,0
3.8646,0
3.8656,0
3.8667,0
3.8677,0
3.8688,0
3.8698,0
3.8708,0
3.8719,0
3.8729,0
3.874,0
3.875,0
3.876,0
3.8771,0
3.8781,0
3.8792,0
3.8802,0
3.8813,0
3.8823,0
3.8833,0
3.8844,0
3.8854,0
3.8865,0
3.8875,0
3.8885,0
3.8896,0
3.8906,0
3.8917,0
3.8927,0
3.8938,0
3.8948,0
3.8958,0
3.8969,0
3.8979,0
3.899,0
3.9,0
3.901,0
3.9021,0
3.9031,0
3.9042,0
3.9052,0
3.9063,0
3.9073,0
3.9083,0
3.9094,0
3.9104,0
3.9115,0
3.9125,0
3.9135,0
3.9146,0
3.9156,0
3.9167,0
3.9177,0
3.9188,0
3.9198,0
3.9208,0
3.9219,0
3.9229,0
3.924,0
3.925,0
3.926,0
3.9271,0
3.9281,0
3.9292,0
3.9302,0
3.9313,0
3.9323,0
3.9333,0
3.9344,0
3.9354,0
3.9365,0
3.9375,0
3.9385,0
3.9396,0
3.9406,0
3.9417,0
3.9427,0
3.9438,0
3.9448,0
3.9458,0
3.9469,0
3.9479,0
3.949,0
3.95,0
3.951,0
3.9521,0
3.9531,0
3.9542,0
3.9552,0
3.9563,0
3.9573,0
3.9583,0
3.9594,0
3.9604,0
3.9615,0
3.9625,0
3.9635,0
3.9646,0
3.9656,0
3.9667,0
3.9677,0
3.9688,0
3.9698,0
3.9708,0
3.9719,0
3.9729,0
3.974,0
3.975,0
3.976,0
3.9771,0
3.9781,0
3.9792,0
3.9802,0
3.9813,0
3.9823,0
3.9833,0
3.9844,0
3.9854,0
3.9865,0
3.9875,0
3.9885,0
3.9896,0
3.9906,0
3.9917,0
3.9927,0
3.9938,0
3.9948,0
3.9958,0
3.9969,0
3.9979,0
3.999,0
4,0
4.001,0
4.0021,0
4.0031,0
4.0042,0
4.0052,0
4.0063,0
4.0073,0
4.0083,0
4.0094,0
4.0104,0
4.0115,0
4.0125,0
4.0135,0
4.0146,0
4.0156,0
4.0167,0
4.0177,0
4.0188,0
4.0198,0
4.0208,0
4.0219,0
4.0229,0
4.024,0
4.025,0
4.026,0
4.0271,0
4.0281,0
4.0292,0
4.0302,0
4.0313,0
4.0323,0
4.0333,0
4.0344,0
4.0354,0
4.0365,0
4.0375,0
4.0385,0
4.0396,0
4.0406,0
4.0417,0
4.0427,0
4.0438,0
4.0448,0
4.0458,0
4.0469,0
4.0479,0
4.049,0
4.05,0
4.051,0
4.0521,0
4.0531,0
4.0542,0
4.0552,0
4.0563,0
4.0573,0
4.0583,0
4.0594,0
4.0604,0
4.0615,0
4.0625,0
4.0635,0
4.0646,0
4.0656,0
4.0667,0
4.0677,0
4.0688,0
4.0698,0
4.0708,0
4.0719,0
4.0729,0
4.074,0
4.075,0
4.076,0
4.0771,0
4.0781,0
4.0792,0
4.0802,0
4.0813,0
4.0823,0
4.0833,0
4.0844,0
4.0854,0
4.0865,0
4.0875,0
4.0885,0
4.0896,0
4.0906,0
4.0917,0
4.0927,0
4.0938,0
4.0948,0
4.0958,0
4.0969,0
4.0979,0
4.099,0
4.1,0
4.101,0
4.1021,0
4.1031,0
4.1042,0
4.1052,0
4.1063,0
4.1073,0
4.1083,0
4.1094,0
4.1104,0
4.1115,0
4.1125,0
4.1135,0
4.1146,0
4.1156,0
4.1167,0
4.1177,0
4.1188,0
4.1198,0
4.1208,0
4.1219,0
4.1229,0
4.124,0
4.125,0
4.126,0
4.1271,0
4.1281,0
4.1292,0
4.1302,0
4.1313,0
4.1323,0
4.1333,0
4.1344,0
4.1354,0
4.1365,0
4.1375,0
4.1385,0
4.1396,0
4.1406,0
4.1417,0
4.1427,0
4.1438,0
4.1448,0
4.1458,0
4.1469,0
4.1479,0
4.149,0
4.15,0
4.151,0
4.1521,0
4.1531,0
4.1542,0
4.1552,0
4.1563,0
4.1573,0
4.1583,0
4.1594,0
4.1604,0
4.1615,0
4.1625,0
4.1635,0
4.1646,0
4.1656,0
4.1667,0
4.1677,0
4.1688,0
4.1698,0
4.1708,0
4.1719,0
4.1729,0
4.174,0
4.175,0
4.176,0
4.1771,0
4.1781,0
4.1792,0
4.1802,0
4.1813,0
4.1823,0
4.1833,0
4.1844,0
4.1854,0
4.1865,0
4.1875,0
4.1885,0
4.1896,0
4.1906,0
4.1917,0
4.1927,0
4.1938,0
4.1948,0
4.1958,0
4.1969,0
4.1979,0
4.199,0
4.2,0
4.201,0
4.2021,0
4.2031,0
4.2042,0
4.2052,0
4.2063,0
4.2073,0
4.2083,0
4.2094,0
4.2104,0
4.2115,0
4.2125,0
4.2135,0
4.2146,0
4.2156,0
4.2167,0
4.2177,0
4.2188,0
4.2198,0
4.2208,0
4.2219,0
4.2229,0
4.224,0
4.225,0
4.226,0
4.2271,0
4.2281,0
4.2292,0
4.2302,0
4.2313,0
4.2323,0
4.2333,0
4.2344,0
4.2354,0
4.2365,0
4.2375,0
4.2385,0
4.2396,0
4.2406,0
4.2417,0
4.2427,0
4.2438,0
4.2448,0
4.2458,0
4.2469,0
4.2479,0
4.249,0
4.25,0
4.251,0
4.2521,0
4.2531,0
4.2542,0
4.2552,0
4.2563,0
4.2573,0
4.2583,0
4.2594,0
4.2604,0
4.2615,0
4.2625,0
4.2635,0
4.2646,0
4.2656,0
4.2667,0
4.2677,0
4.2688,0
4.2698,0
4.2708,0
4.2719,0
4.2729,0
4.274,0
4.275,0
4.276,0
4.2771,0
4.2781,0
4.2792,0
4.2802,0
4.2813,0
4.2823,0
4.2833,0
4.2844,0
4.2854,0
4.2865,0
4.2875,0
4.2885,0
4.2896,0
4.2906,0
4.2917,0
4.2927,0
4.2938,0
4.2948,0
4.2958,0
4.2969,0
4.2979,0
4.299,0
4.3,0
4.301,0
4.3021,0
4.3031,0
4.3042,0
4.3052,0
4.3063,0
4.3073,0
4.3083,0
4.3094,0
4.3104,0
4.3115,0
4.3125,0
4.3135,0
4.3146,0
4.3156,0
4.3167,0
4.3177,0
4.3188,0
4.3198,0
4.3208,0
4.3219,0
4.3229,0
4.324,0
4.325,0
4.326,0
4.3271,0
4.3281,0
4.3292,0
4.3302,0
4.3313,0
4.3323,0
4.3333,0
